{
    "bestResults": {
        "breakout_master": {
            "strategyName": "breakout_master",
            "parameters": {
                "MinConfluence": 4,
                "StopATR": 1,
                "TP1ATR": 4,
                "TP2ATR": 6,
                "TP3ATR": 10,
                "RiskPercent": 2
            },
            "winRate": 54.54545454545454,
            "profitFactor": 8.227025286277977,
            "returnPercent": 3704.4053664495814,
            "totalTrades": 55,
            "score": 104.0909090909091
        },
        "institutional_follower": {
            "strategyName": "institutional_follower",
            "parameters": {
                "MinConfluence": 4,
                "StopATR": 0.5,
                "TP1ATR": 3,
                "TP2ATR": 4.5,
                "TP3ATR": 7.5,
                "RiskPercent": 1
            },
            "winRate": 43.452380952380956,
            "profitFactor": 7.8344660880910295,
            "returnPercent": 119217.13854964206,
            "totalTrades": 168,
            "score": 100.20833333333334
        },
        "liquidity_hunter": {
            "strategyName": "liquidity_hunter",
            "parameters": {
                "MinConfluence": 4,
                "StopATR": 1.5,
                "TP1ATR": 4,
                "TP2ATR": 6,
                "TP3ATR": 10,
                "RiskPercent": 2
            },
            "winRate": 61.224489795918366,
            "profitFactor": 9.490889915346239,
            "returnPercent": 900.8098339667306,
            "totalTrades": 49,
            "score": 106.42857142857142
        },
        "range_master": {
            "strategyName": "range_master",
            "parameters": {
                "MinConfluence": 4,
                "StopATR": 0.5,
                "TP1ATR": 2,
                "TP2ATR": 3,
                "TP3ATR": 5,
                "RiskPercent": 1
            },
            "winRate": 46.51162790697674,
            "profitFactor": 7.810782498047357,
            "returnPercent": 334.8087963379994,
            "totalTrades": 43,
            "score": 101.27906976744185
        },
        "reversal_sniper": {
            "strategyName": "reversal_sniper",
            "parameters": {
                "MinConfluence": 4,
                "StopATR": 0.5,
                "TP1ATR": 5,
                "TP2ATR": 7.5,
                "TP3ATR": 12.5,
                "RiskPercent": 2.5
            },
            "winRate": 28.57142857142857,
            "profitFactor": 3.5169610756465035,
            "returnPercent": 51.43832229614149,
            "totalTrades": 7,
            "score": 40.08590541444463
        },
        "session_trader": {
            "strategyName": "session_trader",
            "parameters": {
                "MinConfluence": 5,
                "StopATR": 1,
                "TP1ATR": 3,
                "TP2ATR": 4.5,
                "TP3ATR": 7.5,
                "RiskPercent": 2.5
            },
            "winRate": 57.89473684210527,
            "profitFactor": 18.66543578388165,
            "returnPercent": 1312.5223625752744,
            "totalTrades": 38,
            "score": 105.26315789473685
        },
        "smart_money_tracker": {
            "strategyName": "smart_money_tracker",
            "parameters": {
                "MinConfluence": 4,
                "StopATR": 0.5,
                "TP1ATR": 3,
                "TP2ATR": 4.5,
                "TP3ATR": 7.5,
                "RiskPercent": 1
            },
            "winRate": 34.074074074074076,
            "profitFactor": 8.210749762144982,
            "returnPercent": 14623.456667092216,
            "totalTrades": 135,
            "score": 96.92592592592592
        },
        "trend_rider": {
            "strategyName": "trend_rider",
            "parameters": {
                "MinConfluence": 4,
                "StopATR": 0.5,
                "TP1ATR": 3,
                "TP2ATR": 4.5,
                "TP3ATR": 7.5,
                "RiskPercent": 1
            },
            "winRate": 42.10526315789473,
            "profitFactor": 6.586413408893573,
            "returnPercent": 837.303837107107,
            "totalTrades": 57,
            "score": 99.37570244528423
        }
    },
    "days": 180,
    "overallBest": {
        "strategyName": "liquidity_hunter",
        "parameters": {
            "MinConfluence": 4,
            "StopATR": 1.5,
            "TP1ATR": 4,
            "TP2ATR": 6,
            "TP3ATR": 10,
            "RiskPercent": 2
        },
        "winRate": 61.224489795918366,
        "profitFactor": 9.490889915346239,
        "returnPercent": 900.8098339667306,
        "totalTrades": 49,
        "score": 106.42857142857142
    },
    "startBalance": 1000,
    "symbol": "BTCUSDT",
    "totalStrategies": 8
}
